2011-01-02	00:00	1.55118	1.55838	1.55118	1.55694	3845
2011-01-03	00:00	1.55693	1.55738	1.54336	1.54864	85894
2011-01-04	00:00	1.54846	1.56458	1.54539	1.55963	128263
2011-01-05	00:00	1.55965	1.5628	1.54504	1.551	138707
2011-01-06	00:00	1.5509	1.55637	1.54454	1.54488	145138
2011-01-07	00:00	1.54488	1.55789	1.54055	1.55423	148731
2011-01-09	00:00	1.55158	1.55499	1.55141	1.55419	4974
2011-01-10	00:00	1.55383	1.56026	1.5475	1.55876	126909
2011-01-11	00:00	1.55861	1.56394	1.55122	1.5606	130835
2011-01-12	00:00	1.5605	1.57802	1.55827	1.5744	149529
2011-01-13	00:00	1.5744	1.58832	1.57179	1.58421	145440
2011-01-14	00:00	1.58408	1.58886	1.58088	1.58681	136200
2011-01-16	00:00	1.58572	1.58826	1.58572	1.58787	2376
2011-01-17	00:00	1.58783	1.5955	1.58349	1.58961	94217
2011-01-18	00:00	1.58957	1.60597	1.5895	1.59565	146183
2011-01-19	00:00	1.59565	1.60374	1.59445	1.59726	139038
2011-01-20	00:00	1.59723	1.60093	1.58372	1.59064	139984
2011-01-21	00:00	1.59049	1.60168	1.5867	1.59979	131352
2011-01-25	00:00	1.59821	1.60167	1.57503	1.58158	154353
2011-01-26	00:00	1.58135	1.59362	1.5769	1.59275	137712
2011-01-27	00:00	1.59265	1.59904	1.58794	1.59239	189787
2011-01-28	00:00	1.59239	1.59245	1.5852	1.58813	49538
2011-01-30	00:00	1.58341	1.58553	1.5821	1.58259	3731
2011-01-31	00:00	1.58249	1.60496	1.58231	1.60253	122877
2011-02-01	00:00	1.60255	1.61641	1.6024	1.61345	132789
2011-02-02	00:00	1.61345	1.62307	1.61278	1.62019	117077
2011-02-03	00:00	1.62019	1.62785	1.61209	1.6133	119953
2011-02-04	00:00	1.61335	1.61722	1.60362	1.61092	96337
2011-02-06	00:00	1.60902	1.61036	1.60902	1.60973	3617
2011-02-07	00:00	1.60973	1.61847	1.60893	1.61254	106416
2011-02-08	00:00	1.61257	1.61628	1.60278	1.60635	122306
2011-02-09	00:00	1.60621	1.61248	1.60328	1.60981	110436
2011-02-10	00:00	1.60973	1.61373	1.60029	1.60955	114558
2011-02-11	00:00	1.60936	1.61127	1.5963	1.60029	98107
2011-02-13	00:00	1.59875	1.60076	1.59833	1.60002	3502
2011-02-14	00:00	1.5999	1.60771	1.59813	1.60245	100703
2011-02-15	00:00	1.60234	1.61713	1.60073	1.61336	121800
2011-02-16	00:00	1.6132	1.61854	1.59854	1.60903	122239
2011-02-17	00:00	1.60897	1.61863	1.60754	1.61756	106490
2011-02-18	00:00	1.61753	1.62635	1.61477	1.62485	99563
2011-02-20	00:00	1.62535	1.62588	1.62403	1.62475	3504
2011-02-21	00:00	1.62471	1.62522	1.62039	1.62276	62899
2011-02-22	00:00	1.62276	1.62281	1.61005	1.6158	126421
2011-02-23	00:00	1.61558	1.62735	1.61558	1.62326	115943
2011-02-24	00:00	1.62302	1.62546	1.60846	1.61427	108648
2011-02-25	00:00	1.61418	1.61607	1.60304	1.6116	92935
2011-02-27	00:00	1.60984	1.61119	1.60799	1.60967	4263
2011-02-28	00:00	1.6096	1.62762	1.60714	1.62684	114883
2011-03-01	00:00	1.62676	1.63286	1.62506	1.62543	120418
2011-03-02	00:00	1.62543	1.6344	1.62147	1.63287	97617
2011-03-03	00:00	1.63287	1.63336	1.6253	1.62747	100568
2011-03-04	00:00	1.62744	1.63051	1.62349	1.62675	93501
2011-03-06	00:00	1.6264	1.62815	1.62637	1.62643	2274
2011-03-07	00:00	1.6263	1.63418	1.61825	1.61952	80498
2011-03-08	00:00	1.61941	1.62083	1.61254	1.61592	84308
2011-03-09	00:00	1.61581	1.62631	1.61376	1.6201	73123
2011-03-10	00:00	1.62015	1.62129	1.60384	1.60644	102982
2011-03-11	00:00	1.60647	1.60871	1.59766	1.60774	98382
2011-03-13	00:00	1.60926	1.60967	1.60627	1.60681	11749
2011-03-14	00:00	1.60666	1.61989	1.60269	1.61705	102583
2011-03-15	00:00	1.6169	1.61843	1.59777	1.60702	162197
2011-03-16	00:00	1.60669	1.6131	1.59789	1.5989	151007
2011-03-17	00:00	1.59889	1.61701	1.59826	1.61451	136082
2011-03-18	00:00	1.61437	1.62561	1.60601	1.62316	134834
2011-03-20	00:00	1.62424	1.62483	1.6211	1.62209	4807
2011-03-21	00:00	1.62209	1.63277	1.62033	1.63068	92914
2011-03-22	00:00	1.6307	1.6401	1.62919	1.63575	93046
2011-03-23	00:00	1.63577	1.63866	1.62183	1.62465	111651
2011-03-24	00:00	1.62452	1.62671	1.60855	1.61181	108830
2011-03-25	00:00	1.61184	1.61419	1.6007	1.60421	109989
2011-03-27	00:00	1.6001	1.60181	1.59752	1.60116	4852
2011-03-28	00:00	1.6009	1.6038	1.59365	1.598	95277
2011-03-29	00:00	1.59796	1.60426	1.59421	1.60181	107189
2011-03-30	00:00	1.60183	1.60827	1.59782	1.60812	119516
2011-03-31	00:00	1.6081	1.6151	1.60158	1.60225	113744
2011-04-01	00:00	1.60214	1.61324	1.59719	1.61061	128047
2011-04-03	00:00	1.61059	1.61273	1.61019	1.6123	4450
2011-04-04	00:00	1.61225	1.61765	1.61072	1.61129	84682
2011-04-05	00:00	1.61123	1.63047	1.60905	1.63037	109160
2011-04-06	00:00	1.6304	1.63636	1.62568	1.63224	109224
2011-04-07	00:00	1.63219	1.63473	1.6262	1.63164	139266
2011-04-08	00:00	1.63153	1.64278	1.63148	1.6377	145491
2011-04-10	00:00	1.63749	1.63926	1.6368	1.63917	4802
2011-04-11	00:00	1.63906	1.64261	1.63131	1.63375	119111
2011-04-12	00:00	1.63375	1.6343	1.62268	1.62598	186997
2011-04-13	00:00	1.62599	1.63093	1.62368	1.62764	155338
2011-04-14	00:00	1.6276	1.63848	1.62537	1.63685	173353
2011-04-15	00:00	1.6368	1.6372	1.62915	1.63233	128689
2011-04-17	00:00	1.63005	1.63252	1.62984	1.63143	9574
2011-04-18	00:00	1.6314	1.63285	1.61646	1.62651	173262
2011-04-19	00:00	1.62643	1.63392	1.62299	1.63312	150947
2011-04-20	00:00	1.633	1.64254	1.63077	1.63909	148398
2011-04-21	00:00	1.63903	1.65992	1.63874	1.65182	169077
2011-04-22	00:00	1.6515	1.65687	1.65016	1.65016	25539
2011-04-24	00:00	1.65169	1.65525	1.65131	1.6547	4808
2011-04-25	00:00	1.6546	1.65476	1.6467	1.64907	94097
2011-04-26	00:00	1.64905	1.65322	1.6431	1.65084	172712
2011-04-27	00:00	1.65074	1.66701	1.64346	1.66463	193328
2011-04-28	00:00	1.66463	1.67458	1.66226	1.66451	178246
2011-04-29	00:00	1.66452	1.67217	1.66233	1.67002	132034
2011-05-01	00:00	1.67099	1.67279	1.6669	1.66942	13027
2011-05-02	00:00	1.66948	1.67381	1.66354	1.66429	155182
2011-05-03	00:00	1.66413	1.6647	1.64559	1.64878	187609
2011-05-04	00:00	1.64877	1.65741	1.6452	1.64866	185921
2011-05-05	00:00	1.6486	1.65437	1.64398	1.64783	62012
2011-05-06	00:00	1.63998	1.64334	1.63546	1.63822	91302
2011-05-08	00:00	1.63609	1.63869	1.63413	1.63713	10994
2011-05-09	00:00	1.63705	1.64212	1.62697	1.64052	176665
2011-05-10	00:00	1.6405	1.64513	1.63159	1.63602	189313
2011-05-11	00:00	1.63598	1.65173	1.63212	1.63662	224694
2011-05-12	00:00	1.63656	1.63795	1.62338	1.62711	223081
2011-05-13	00:00	1.62703	1.63088	1.61459	1.61938	186099
2011-05-15	00:00	1.61914	1.61939	1.6165	1.61709	6910
2011-05-17	00:00	1.61959	1.63034	1.61742	1.62495	228702
2011-05-18	00:00	1.6249	1.62881	1.6105	1.61561	196941
2011-05-19	00:00	1.61561	1.62429	1.61304	1.62276	174289
2011-05-20	00:00	1.62269	1.63046	1.61663	1.62276	165260
2011-05-22	00:00	1.62239	1.62295	1.62091	1.62271	7626
2011-05-23	00:00	1.6227	1.62331	1.6056	1.60718	197208
2011-05-24	00:00	1.6071	1.62091	1.60679	1.61784	195367
2011-05-25	00:00	1.61782	1.62948	1.61309	1.62811	196779
2011-05-26	00:00	1.62798	1.64044	1.62739	1.6392	175869
2011-05-27	00:00	1.63912	1.65121	1.63822	1.65089	186870
2011-05-29	00:00	1.64797	1.65121	1.64742	1.64847	6945
2011-05-30	00:00	1.6483	1.65081	1.64498	1.64988	67735
2011-05-31	00:00	1.6498	1.65468	1.64232	1.64655	174989
2011-06-01	00:00	1.64649	1.64954	1.63155	1.6337	183748
2011-06-02	00:00	1.63369	1.64178	1.63049	1.6372	176032
2011-06-03	00:00	1.63701	1.64379	1.62843	1.64229	165969
2011-06-05	00:00	1.64098	1.64559	1.64098	1.6452	6405
2011-06-06	00:00	1.6452	1.64601	1.63398	1.6353	143228
2011-06-07	00:00	1.63528	1.6472	1.63238	1.6439	150435
2011-06-08	00:00	1.64392	1.64462	1.63477	1.64028	158812
2011-06-09	00:00	1.64027	1.64657	1.63577	1.63748	163103
2011-06-10	00:00	1.63746	1.63833	1.62034	1.62272	178697
2011-06-12	00:00	1.62276	1.62437	1.62149	1.62301	4312
2011-06-13	00:00	1.62301	1.63904	1.62203	1.6366	158606
2011-06-14	00:00	1.63662	1.64413	1.6355	1.63709	151102
2011-06-15	00:00	1.63692	1.63771	1.61682	1.62002	151275
2011-06-16	00:00	1.6199	1.62249	1.60784	1.61631	199726
2011-06-17	00:00	1.6162	1.6198	1.60928	1.61905	163544
2011-06-19	00:00	1.61689	1.61779	1.61492	1.61529	7779
2011-06-20	00:00	1.61539	1.62538	1.61087	1.6234	144120
2011-06-21	00:00	1.62321	1.62489	1.61665	1.62191	142140
2011-06-22	00:00	1.62187	1.62628	1.60428	1.6048	165613
2011-06-23	00:00	1.6048	1.60667	1.5938	1.60206	170138
2011-06-24	00:00	1.60201	1.60473	1.59511	1.59584	145007
2011-06-26	00:00	1.59609	1.59662	1.59445	1.5952	7238
2011-06-27	00:00	1.59511	1.60117	1.59123	1.5987	151929
2011-06-28	00:00	1.5987	1.60437	1.59109	1.59861	173695
2011-06-29	00:00	1.5986	1.60806	1.59697	1.60656	179498
2011-07-01	00:00	1.60198	1.60958	1.59874	1.60731	151100
2011-07-03	00:00	1.6056	1.60808	1.6056	1.60751	7469
2011-07-04	00:00	1.60743	1.61403	1.60535	1.60845	100520
2011-07-05	00:00	1.60845	1.61281	1.59903	1.606	153817
2011-07-06	00:00	1.606	1.6091	1.59471	1.60167	152888
2011-07-07	00:00	1.60155	1.6018	1.5943	1.59729	145312
2011-07-08	00:00	1.59728	1.60784	1.59313	1.60544	155167
2011-07-10	00:00	1.60149	1.60392	1.60089	1.60296	12416
2011-07-11	00:00	1.60284	1.60414	1.58819	1.58996	157700
2011-07-12	00:00	1.59	1.59485	1.57795	1.59257	227105
2011-07-13	00:00	1.59255	1.61929	1.58951	1.61826	198569
2011-07-14	00:00	1.61833	1.61849	1.60943	1.61522	174204
2011-07-15	00:00	1.61511	1.61692	1.60758	1.61304	141309
2011-07-17	00:00	1.61099	1.61336	1.60977	1.61185	9981
2011-07-18	00:00	1.61172	1.61281	1.60046	1.60678	143420
2011-07-19	00:00	1.6068	1.61781	1.60547	1.61258	142876
2011-07-20	00:00	1.6126	1.6173	1.60687	1.61653	140715
2011-07-21	00:00	1.61639	1.63408	1.61205	1.63216	164270
2011-07-22	00:00	1.63211	1.63273	1.6264	1.62958	115177
2011-07-24	00:00	1.63247	1.634	1.62959	1.62976	9419
2011-07-25	00:00	1.62966	1.6328	1.62617	1.62806	124602
2011-07-26	00:00	1.62799	1.64281	1.62654	1.64183	156111
2011-07-27	00:00	1.6417	1.64387	1.63124	1.63253	142242
2011-07-28	00:00	1.63253	1.63822	1.62933	1.63588	123121
2011-07-29	00:00	1.63588	1.64705	1.62607	1.64181	148521
2011-08-01	00:00	1.64124	1.64751	1.62371	1.63139	162852
2011-08-02	00:00	1.6312	1.6329	1.62241	1.62778	149222
2011-08-03	00:00	1.62768	1.64392	1.62501	1.64357	161470
2011-08-04	00:00	1.64358	1.64377	1.62279	1.62393	216026
2011-08-05	00:00	1.62375	1.63971	1.62329	1.63885	182772
2011-08-07	00:00	1.64506	1.64715	1.64019	1.64222	16059
2011-08-08	00:00	1.64208	1.64716	1.62966	1.63186	193266
2011-08-09	00:00	1.6317	1.64111	1.61751	1.63028	337172
2011-08-10	00:00	1.6302	1.63135	1.61101	1.61102	227778
2011-08-11	00:00	1.61101	1.62417	1.61101	1.62284	182109
2011-08-12	00:00	1.62267	1.63121	1.6166	1.62714	137835
2011-08-14	00:00	1.62799	1.62944	1.62664	1.62831	6127
2011-08-15	00:00	1.6281	1.64093	1.62551	1.63775	119022
2011-08-16	00:00	1.63774	1.64764	1.63201	1.64404	135959
2011-08-17	00:00	1.64401	1.65923	1.63471	1.65322	147833
2011-08-18	00:00	1.65306	1.65548	1.64201	1.64756	162739
2011-08-19	00:00	1.64737	1.66177	1.64438	1.64634	130686
2011-08-21	00:00	1.64639	1.64852	1.64579	1.64741	6221
2011-08-22	00:00	1.64741	1.65205	1.64351	1.6457	138031
2011-08-23	00:00	1.64571	1.65725	1.64534	1.64938	152369
2011-08-24	00:00	1.6493	1.65335	1.63502	1.63651	135248
2011-08-25	00:00	1.6365	1.63972	1.62588	1.62903	133283
2011-08-26	00:00	1.62902	1.6378	1.62074	1.63661	156488
2011-08-28	00:00	1.63492	1.63516	1.63206	1.63462	5656
2011-09-01	00:00	1.6245	1.62519	1.61317	1.61927	133110
2011-09-02	00:00	1.61896	1.62532	1.61707	1.62135	124928
2011-09-04	00:00	1.61609	1.61733	1.61351	1.61637	7350
2011-09-05	00:00	1.61632	1.61851	1.60615	1.60887	102115
2011-09-06	00:00	1.60882	1.62067	1.592	1.59505	179465
2011-09-07	00:00	1.59488	1.60398	1.59182	1.59696	140770
2011-09-08	00:00	1.5969	1.60831	1.5913	1.59563	154256
2011-09-09	00:00	1.59561	1.59904	1.58439	1.58832	170936
2011-09-11	00:00	1.58469	1.58615	1.58222	1.58548	6723
2011-09-12	00:00	1.58537	1.58859	1.57731	1.58458	174809
2011-09-13	00:00	1.58448	1.58695	1.57574	1.57826	166816
2011-09-14	00:00	1.57822	1.5815	1.57063	1.57703	172851
2011-09-15	00:00	1.57698	1.58684	1.57306	1.57963	151370
2011-09-16	00:00	1.57966	1.58409	1.5745	1.57837	126962
2011-09-18	00:00	1.57417	1.57467	1.57064	1.57094	7693
2011-09-19	00:00	1.57083	1.57557	1.56329	1.56718	138123
2011-09-20	00:00	1.56714	1.57472	1.5658	1.5734	156836
2011-09-21	00:00	1.5734	1.5742	1.54832	1.54999	179337
2011-09-22	00:00	1.54982	1.55034	1.53272	1.53865	214677
2011-09-23	00:00	1.53833	1.54907	1.53741	1.53953	195798
2011-09-25	00:00	1.54647	1.54931	1.54582	1.54748	7402
2011-09-26	00:00	1.54739	1.56201	1.54314	1.55507	202769
2011-09-27	00:00	1.55498	1.57051	1.55249	1.56328	179035
2011-09-28	00:00	1.56301	1.56772	1.55479	1.55494	160752
2011-09-29	00:00	1.5549	1.57156	1.55421	1.56092	163460
2011-09-30	00:00	1.56075	1.56657	1.55325	1.5584	157052
2011-10-02	00:00	1.55522	1.55834	1.55458	1.55703	5995
2011-10-03	00:00	1.55694	1.55895	1.54193	1.54313	182470
2011-10-04	00:00	1.54308	1.54951	1.53399	1.54645	200129
2011-10-05	00:00	1.54627	1.54927	1.53935	1.54653	168706
2011-10-06	00:00	1.54653	1.55015	1.52713	1.54375	205671
2011-10-07	00:00	1.54374	1.56458	1.54226	1.55577	179907
2011-10-09	00:00	1.55441	1.55627	1.55274	1.55502	6166
2011-10-10	00:00	1.555	1.56887	1.55443	1.56457	129300
2011-10-11	00:00	1.56444	1.56637	1.55739	1.55796	144184
2011-10-12	00:00	1.5578	1.57978	1.55425	1.57343	160488
2011-10-13	00:00	1.57343	1.57847	1.56656	1.57422	157874
2011-10-14	00:00	1.57421	1.58521	1.57211	1.58201	131397
2011-10-16	00:00	1.58252	1.58364	1.58081	1.58164	6888
2011-10-17	00:00	1.58161	1.58475	1.57308	1.57457	129176
2011-10-18	00:00	1.57452	1.58213	1.56313	1.5702	185102
2011-10-19	00:00	1.56992	1.58479	1.56992	1.57714	157913
2011-10-20	00:00	1.57704	1.58031	1.56809	1.57999	179088
2011-10-21	00:00	1.57983	1.59736	1.57531	1.59212	140084
2011-10-23	00:00	1.59211	1.59476	1.59211	1.59404	8512
2011-10-24	00:00	1.59405	1.60076	1.59001	1.59961	127508
2011-10-25	00:00	1.59959	1.60391	1.59553	1.60013	157856
2011-10-26	00:00	1.60009	1.60417	1.58908	1.59705	158556
2011-10-27	00:00	1.59692	1.61412	1.59669	1.60971	174851
2011-10-28	00:00	1.60971	1.61522	1.60714	1.61195	122604
2011-10-30	00:00	1.61261	1.61326	1.61086	1.61098	2774
2011-10-31	00:00	1.61087	1.61661	1.59648	1.60763	160706
2011-11-01	00:00	1.6074	1.6092	1.58902	1.59393	214452
2011-11-02	00:00	1.59387	1.60469	1.58832	1.59066	179520
2011-11-03	00:00	1.59036	1.60615	1.58749	1.6034	207231
2011-11-04	00:00	1.60337	1.60632	1.59457	1.60297	151807
2011-11-06	00:00	1.60588	1.60729	1.6017	1.60332	5579
2011-11-07	00:00	1.60334	1.60791	1.59791	1.6063	147526
2011-11-08	00:00	1.60624	1.61301	1.6035	1.60974	139971
2011-11-09	00:00	1.60961	1.61198	1.59018	1.59106	180531
2011-11-10	00:00	1.59101	1.5985	1.58685	1.59369	178934
2011-11-11	00:00	1.59348	1.60934	1.58945	1.60606	133204
2011-11-13	00:00	1.60797	1.60901	1.6063	1.60758	4490
2011-11-14	00:00	1.60755	1.60921	1.58804	1.58976	135949
2011-11-15	00:00	1.58974	1.59315	1.57981	1.5802	151901
2011-11-16	00:00	1.58013	1.58159	1.56955	1.5704	172142
2011-11-17	00:00	1.57021	1.58128	1.56906	1.57479	173874
2011-11-18	00:00	1.57465	1.58878	1.57372	1.58028	150462
2011-11-20	00:00	1.57814	1.57971	1.57579	1.57745	5945
2011-11-21	00:00	1.57736	1.5776	1.56118	1.56366	127996
2011-11-22	00:00	1.56336	1.56915	1.55822	1.56452	138417
2011-11-23	00:00	1.56449	1.56547	1.54937	1.55195	147870
2011-11-24	00:00	1.55162	1.55657	1.54699	1.5475	96239
2011-11-25	00:00	1.54727	1.55182	1.54231	1.54346	104970
2011-11-27	00:00	1.5484	1.55008	1.54596	1.54833	8809
2011-11-28	00:00	1.54834	1.55944	1.54583	1.54978	127050
2011-11-29	00:00	1.54978	1.56563	1.54688	1.55954	146210
2011-11-30	00:00	1.55911	1.57796	1.5526	1.57031	159972
2011-12-01	00:00	1.57009	1.57554	1.56243	1.56824	160741
2011-12-02	00:00	1.56824	1.5726	1.55755	1.55968	124216
2011-12-04	00:00	1.56225	1.56332	1.55561	1.56051	4219
2011-12-05	00:00	1.56023	1.57174	1.55872	1.56421	111463
2011-12-06	00:00	1.56408	1.56642	1.55611	1.56026	127158
2011-12-07	00:00	1.56015	1.57237	1.55939	1.5698	118783
2011-12-08	00:00	1.56969	1.57697	1.56082	1.56343	138297
2011-12-09	00:00	1.56343	1.57343	1.55842	1.56686	131609
2011-12-11	00:00	1.56443	1.56569	1.56209	1.56523	3235
2011-12-12	00:00	1.565	1.56571	1.5537	1.55739	127892
2011-12-13	00:00	1.55722	1.5629	1.54509	1.54766	146159
2011-12-14	00:00	1.54758	1.55309	1.54078	1.54719	139161
2011-12-15	00:00	1.54719	1.55296	1.54332	1.55226	138453
2011-12-16	00:00	1.55186	1.55567	1.54834	1.5538	114052
2011-12-18	00:00	1.55408	1.55453	1.55151	1.5521	2859
2011-12-19	00:00	1.55148	1.55446	1.54651	1.55075	108753
2011-12-20	00:00	1.55034	1.57006	1.55027	1.56679	124890
2011-12-21	00:00	1.56668	1.57739	1.56472	1.56662	152107
2011-12-22	00:00	1.5666	1.57283	1.56488	1.56778	132066
2011-12-23	00:00	1.5676	1.57071	1.55841	1.55843	60632
2011-12-25	00:00	1.55924	1.56118	1.55668	1.55915	523
2011-12-26	00:00	1.55672	1.56504	1.55672	1.56252	23103
2011-12-27	00:00	1.56233	1.57017	1.55859	1.56619	98228
2011-12-28	00:00	1.56619	1.56916	1.54359	1.5436	128174
2011-12-29	00:00	1.54352	1.54756	1.53617	1.54139	124915
2011-12-30	00:00	1.54139	1.55711	1.54015	1.55324	135238
2012-01-02	00:00	1.54897	1.55453	1.54671	1.55171	47462
2012-01-03	00:00	1.5517	1.56704	1.55057	1.56447	157817
2012-01-04	00:00	1.56443	1.56859	1.55787	1.56084	132748
2012-01-05	00:00	1.5608	1.56289	1.5467	1.54982	139819
2012-01-06	00:00	1.5498	1.55254	1.53756	1.54246	123938
2012-01-08	00:00	1.54112	1.5428	1.53978	1.54173	6756
2012-01-09	00:00	1.54173	1.54697	1.53954	1.54559	107133
2012-01-10	00:00	1.5456	1.55006	1.54458	1.54715	121219
2012-01-11	00:00	1.54706	1.54873	1.53087	1.53336	130924
2012-01-12	00:00	1.53336	1.53673	1.52788	1.53403	89303
2012-01-13	00:00	1.53389	1.54091	1.52328	1.53178	145515
2012-01-15	00:00	1.52746	1.53017	1.52746	1.53009	3844
2012-01-16	00:00	1.53002	1.53527	1.52815	1.53209	90354
2012-01-17	00:00	1.53542	1.53606	1.53207	1.53389	18807
2012-01-18	00:00	1.53381	1.5442	1.53272	1.54278	140408
2012-01-19	00:00	1.54268	1.5492	1.5415	1.54825	126238
2012-01-20	00:00	1.54829	1.55771	1.54502	1.55741	122113
2012-01-22	00:00	1.55465	1.55627	1.55386	1.55428	4151
2012-01-23	00:00	1.55418	1.56024	1.55168	1.55773	129794
2012-01-24	00:00	1.55749	1.56278	1.55325	1.5624	136126
2012-01-25	00:00	1.56236	1.56785	1.55283	1.56568	155245
2012-01-26	00:00	1.56548	1.5735	1.56498	1.5675	127040
2012-01-27	00:00	1.56743	1.57401	1.56402	1.57259	137771
2012-01-29	00:00	1.57346	1.57354	1.57147	1.5722	3038
2012-01-30	00:00	1.57218	1.57259	1.56537	1.57056	120884
2012-01-31	00:00	1.57043	1.57957	1.57008	1.57863	46563
2012-02-01	00:00	1.57594	1.58829	1.5706	1.58449	164965
2012-02-02	00:00	1.58449	1.5859	1.57945	1.58024	134651
2012-02-03	00:00	1.58022	1.58601	1.57493	1.58173	144391
2012-02-05	00:00	1.58154	1.58223	1.57809	1.58008	5786
2012-02-06	00:00	1.5799	1.58413	1.57298	1.58115	131271
2012-02-07	00:00	1.58104	1.59053	1.5788	1.58912	149041
2012-02-08	00:00	1.5891	1.59284	1.5795	1.58091	143452
2012-02-09	00:00	1.58088	1.58854	1.57921	1.58118	149955
2012-02-10	00:00	1.58115	1.58491	1.57299	1.57519	126286
2012-02-12	00:00	1.57785	1.57987	1.57603	1.57766	6238
2012-02-13	00:00	1.57766	1.58268	1.57149	1.57218	124826
2012-02-14	00:00	1.57217	1.57703	1.56443	1.56899	157179
2012-02-15	00:00	1.56882	1.57359	1.56707	1.56839	159033
2012-02-16	00:00	1.56837	1.58174	1.56551	1.58056	155136
2012-02-17	00:00	1.5804	1.58618	1.57893	1.58203	123608
2012-02-19	00:00	1.58475	1.58784	1.58321	1.58642	9494
2012-02-20	00:00	1.58642	1.58798	1.58191	1.58284	80208
2012-02-21	00:00	1.58278	1.58652	1.57723	1.57908	166765
2012-02-22	00:00	1.57903	1.58138	1.56483	1.56699	182275
2012-02-23	00:00	1.56695	1.57501	1.56495	1.5743	152483
2012-02-24	00:00	1.57416	1.58994	1.57211	1.58661	170402
2012-02-26	00:00	1.58841	1.59016	1.58824	1.58838	4463
2012-02-27	00:00	1.5882	1.58872	1.58095	1.58301	131296
2012-02-28	00:00	1.58298	1.59013	1.57996	1.5896	133843
2012-02-29	00:00	1.59336	1.59916	1.59047	1.59209	91391
2012-03-01	00:00	1.59201	1.59752	1.58963	1.59589	159767
2012-03-02	00:00	1.59558	1.59662	1.58231	1.58318	158179
2012-03-04	00:00	1.5835	1.58431	1.583	1.58305	2649
2012-03-05	00:00	1.58292	1.58771	1.5785	1.58736	137135
2012-03-06	00:00	1.58736	1.58819	1.56964	1.57191	182028
2012-03-07	00:00	1.57188	1.5759	1.56971	1.57301	160491
2012-03-08	00:00	1.57297	1.58336	1.57237	1.58212	159493
2012-03-09	00:00	1.58202	1.58286	1.56616	1.567	167064
2012-03-11	00:00	1.56683	1.56754	1.56596	1.5666	3467
2012-03-12	00:00	1.56655	1.56952	1.5602	1.56506	136243
2012-03-13	00:00	1.56497	1.57474	1.56206	1.57036	165958
2012-03-14	00:00	1.57023	1.57436	1.56492	1.56516	156101
2012-03-15	00:00	1.565	1.57366	1.56336	1.57017	163169
2012-03-16	00:00	1.57014	1.58611	1.56942	1.58423	149750
2012-03-18	00:00	1.58347	1.58517	1.58302	1.58346	4283
2012-03-19	00:00	1.58337	1.5914	1.58211	1.58862	122355
2012-03-20	00:00	1.58848	1.58969	1.58303	1.58633	114982
2012-03-21	00:00	1.58633	1.5923	1.58166	1.58725	140334
2012-03-22	00:00	1.58719	1.5892	1.57687	1.58224	144152
2012-03-23	00:00	1.58224	1.59085	1.58056	1.58684	133973
2012-03-25	00:00	1.58719	1.58821	1.58694	1.58778	3233
2012-03-26	00:00	1.58767	1.59731	1.5801	1.59599	138079
2012-03-27	00:00	1.59591	1.60005	1.59421	1.59523	126541
2012-03-28	00:00	1.5952	1.59642	1.58417	1.58908	167622
2012-03-29	00:00	1.589	1.59641	1.58602	1.59573	166952
2012-03-30	00:00	1.59558	1.60368	1.59546	1.60093	200209
2012-04-01	00:00	1.60155	1.60257	1.60058	1.60101	4404
2012-04-02	00:00	1.60096	1.60625	1.59789	1.60346	165718
2012-04-03	00:00	1.60329	1.60462	1.58912	1.59031	142055
2012-04-04	00:00	1.59028	1.59103	1.58327	1.5902	153633
2012-04-05	00:00	1.59019	1.59083	1.58047	1.58281	113814
2012-04-06	00:00	1.58281	1.58907	1.58248	1.58651	35491
2012-04-08	00:00	1.58866	1.58918	1.58527	1.5876	4731
2012-04-09	00:00	1.58752	1.59141	1.58356	1.59059	56379
2012-04-10	00:00	1.59048	1.59302	1.58086	1.58522	160261
2012-04-11	00:00	1.5851	1.59379	1.58502	1.59232	151576
2012-04-12	00:00	1.59231	1.59854	1.59121	1.59575	140973
2012-04-13	00:00	1.59558	1.59696	1.58412	1.58447	133513
2012-04-15	00:00	1.58489	1.58586	1.58341	1.58362	3464
2012-04-16	00:00	1.5835	1.59111	1.58186	1.58945	139553
2012-04-17	00:00	1.58944	1.59709	1.58621	1.59403	136864
2012-04-18	00:00	1.59388	1.6042	1.58948	1.60192	190471
2012-04-19	00:00	1.60191	1.60779	1.60089	1.6059	220829
2012-04-20	00:00	1.60578	1.61489	1.60382	1.61235	157720
2012-04-22	00:00	1.61249	1.61323	1.61107	1.61309	5171
2012-04-23	00:00	1.61309	1.61342	1.60751	1.61164	137213
2012-04-24	00:00	1.61158	1.61642	1.61083	1.61427	122620
2012-04-25	00:00	1.6143	1.61825	1.60812	1.61775	151893
2012-04-26	00:00	1.61772	1.62068	1.61583	1.61784	138887
2012-04-27	00:00	1.6178	1.62804	1.61528	1.62654	148832
2012-04-29	00:00	1.62707	1.62806	1.62639	1.62795	3195
2012-04-30	00:00	1.62782	1.63015	1.62213	1.62297	129269
2012-05-01	00:00	1.62297	1.62475	1.61862	1.62207	109951
2012-05-02	00:00	1.62208	1.6239	1.61604	1.61926	157112
2012-05-03	00:00	1.61926	1.62155	1.61588	1.61902	159803
2012-05-04	00:00	1.61891	1.62029	1.61405	1.61492	142539
2012-05-06	00:00	1.61379	1.61517	1.61165	1.61177	11851
2012-05-07	00:00	1.6118	1.6197	1.61143	1.61912	114747
2012-05-08	00:00	1.61882	1.61899	1.61243	1.61448	178345
2012-05-09	00:00	1.61442	1.61565	1.60667	1.6136	316804
2012-05-10	00:00	1.6136	1.61824	1.60914	1.6133	239310
2012-05-11	00:00	1.61328	1.61422	1.60617	1.60894	132268
2012-05-13	00:00	1.60616	1.60784	1.60495	1.60728	8818
2012-05-14	00:00	1.60727	1.61232	1.60505	1.60978	227879
2012-05-15	00:00	1.60975	1.61144	1.59828	1.59838	225029
2012-05-16	00:00	1.59832	1.59893	1.58888	1.59213	302782
2012-05-17	00:00	1.59198	1.59325	1.57635	1.57837	321125
2012-05-18	00:00	1.57843	1.58381	1.5731	1.58169	318973
2012-05-20	00:00	1.58008	1.58177	1.57935	1.58115	6102
2012-05-21	00:00	1.58106	1.58412	1.57797	1.58287	271758
2012-05-22	00:00	1.58281	1.58483	1.57401	1.57565	285826
2012-05-23	00:00	1.57558	1.57673	1.56704	1.568	374117
2012-05-24	00:00	1.56798	1.57265	1.56383	1.56577	396997
2012-05-25	00:00	1.56561	1.57003	1.56301	1.56594	344628
2012-05-27	00:00	1.56743	1.56922	1.5667	1.56786	5297
2012-05-28	00:00	1.56781	1.57172	1.56634	1.5666	185320
2012-05-29	00:00	1.56653	1.57163	1.56078	1.56323	352099
2012-05-30	00:00	1.56317	1.56373	1.54708	1.54804	427342
2012-05-31	00:00	1.54788	1.55262	1.536	1.5397	400781
2012-06-01	00:00	1.53957	1.54385	1.5268	1.53599	448222
2012-06-04	00:00	1.53482	1.54156	1.53417	1.53956	244996
2012-06-05	00:00	1.53958	1.54083	1.5321	1.5383	310446
2012-06-07	00:00	1.5481	1.56007	1.54295	1.5522	389179
2012-06-08	00:00	1.5522	1.55246	1.54035	1.54698	355175
2012-06-11	00:00	1.5535	1.55822	1.54611	1.5483	336823
2012-06-12	00:00	1.54822	1.55905	1.54538	1.55648	395261
2012-06-13	00:00	1.55641	1.55988	1.55034	1.55202	318300
2012-06-14	00:00	1.55188	1.55637	1.54727	1.55516	344936
2012-06-15	00:00	1.55513	1.5722	1.54759	1.57095	231366
2012-06-18	00:00	1.57137	1.57309	1.56365	1.56847	228947
2012-06-19	00:00	1.56839	1.57575	1.56146	1.57176	327700
2012-06-20	00:00	1.57174	1.5778	1.56507	1.57051	310550
2012-06-21	00:00	1.5705	1.57333	1.55773	1.55978	361484
2012-06-22	00:00	1.55978	1.56344	1.55565	1.55836	235737
2012-06-25	00:00	1.55814	1.55904	1.55389	1.55645	209157
2012-06-26	00:00	1.55635	1.56505	1.55634	1.56332	296471
2012-06-27	00:00	1.56248	1.5641	1.55453	1.55688	236546
2012-06-28	00:00	1.55838	1.56233	1.54798	1.5517	359928
2012-06-29	00:00	1.55299	1.5715	1.55249	1.57027	395186
2012-07-01	00:00	1.56948	1.56968	1.56669	1.56785	6929
2012-07-02	00:00	1.56779	1.57219	1.56412	1.56898	270057
2012-07-03	00:00	1.5689	1.57131	1.56577	1.56881	244739
2012-07-04	00:00	1.56878	1.56892	1.55739	1.5582	146469
2012-07-05	00:00	1.55811	1.56226	1.54999	1.55286	238218
2012-07-06	00:00	1.55288	1.55507	1.54605	1.54883	204602
2012-07-08	00:00	1.54783	1.5487	1.54714	1.54791	6527
2012-07-09	00:00	1.5479	1.55346	1.54697	1.55273	198350
2012-07-10	00:00	1.5527	1.55487	1.54785	1.55156	240500
2012-07-11	00:00	1.55152	1.55778	1.54854	1.5508	236082
2012-07-12	00:00	1.55079	1.55163	1.5393	1.54232	225755
2012-07-13	00:00	1.54216	1.558	1.54138	1.55683	219183
2012-07-15	00:00	1.55707	1.55923	1.55686	1.558	2899
2012-07-16	00:00	1.55782	1.5654	1.5517	1.56246	198517
2012-07-17	00:00	1.56238	1.56779	1.55533	1.56635	275670
2012-07-18	00:00	1.56625	1.56682	1.55813	1.56459	261130
2012-07-19	00:00	1.56452	1.57375	1.56361	1.5716	213410
2012-07-20	00:00	1.57151	1.57184	1.56113	1.56162	241603
2012-07-22	00:00	1.56177	1.562	1.56002	1.56089	6134
2012-07-23	00:00	1.56076	1.56108	1.54851	1.5516	314557
2012-07-24	00:00	1.5516	1.55522	1.54865	1.54981	281053
2012-07-25	00:00	1.54979	1.55516	1.54584	1.54844	381195
2012-07-26	00:00	1.54831	1.57237	1.54705	1.56822	456252
2012-07-27	00:00	1.56812	1.57676	1.5666	1.57423	393907
2012-07-29	00:00	1.57308	1.5748	1.57243	1.57255	3476
2012-07-30	00:00	1.57252	1.57318	1.56724	1.57108	249487
2012-07-31	00:00	1.57106	1.57298	1.56252	1.56666	298739
2012-08-01	00:00	1.56662	1.56905	1.55302	1.55422	263703
2012-08-02	00:00	1.55419	1.56793	1.54904	1.55127	406286
2012-08-03	00:00	1.55127	1.56574	1.55046	1.56373	310167
2012-08-06	00:00	1.56526	1.56528	1.55463	1.55868	227558
2012-08-07	00:00	1.55865	1.56841	1.55633	1.56111	288193
2012-08-08	00:00	1.56096	1.56773	1.55707	1.56669	277145
2012-08-09	00:00	1.56671	1.56851	1.56054	1.56291	313576
2012-08-10	00:00	1.56291	1.57009	1.55654	1.56853	265815
2012-08-13	00:00	1.56656	1.57169	1.56569	1.56753	250060
2012-08-14	00:00	1.56753	1.57287	1.56672	1.5674	264447
2012-08-15	00:00	1.56739	1.5702	1.56559	1.56785	270407
2012-08-16	00:00	1.56773	1.57442	1.56359	1.57347	261826
2012-08-17	00:00	1.57347	1.57386	1.56735	1.56925	232874
2012-08-20	00:00	1.56875	1.5717	1.56779	1.57094	227181
2012-08-21	00:00	1.57092	1.58046	1.57056	1.57762	301003
2012-08-22	00:00	1.5776	1.58857	1.57631	1.58825	327894
2012-08-23	00:00	1.58825	1.59122	1.58498	1.58567	343171
2012-08-24	00:00	1.58566	1.58692	1.57979	1.58065	268885
2012-08-27	00:00	1.57983	1.58287	1.5786	1.57903	134300
2012-08-28	00:00	1.57903	1.58365	1.57535	1.58254	261607
2012-08-29	00:00	1.58252	1.5855	1.58021	1.58258	212796
2012-08-30	00:00	1.58219	1.58749	1.57698	1.57869	239097
2012-08-31	00:00	1.57875	1.58955	1.57776	1.58634	327518
